{"IcoMoonType":"selection","icons":[{"icon":{"paths":["M438.857 365.714c0-80.571-65.714-146.286-146.286-146.286s-146.286 65.714-146.286 146.286 65.714 146.286 146.286 146.286 146.286-65.714 146.286-146.286zM585.143 365.714c0 34.857-4 70.857-18.857 102.286l-208 442.286c-12 25.143-38.286 40.571-65.714 40.571s-53.714-15.429-65.143-40.571l-208.571-442.286c-14.857-31.429-18.857-67.429-18.857-102.286 0-161.714 130.857-292.571 292.571-292.571s292.571 130.857 292.571 292.571z"],"width":585.1428571428571,"attrs":[],"isMulticolor":false,"isMulticolor2":false,"tags":["map-marker"],"defaultCode":61505,"grid":14},"attrs":[],"properties":{"name":"map-marker","id":65,"order":6,"prevSize":28,"code":61505},"setIdx":0,"setId":2,"iconIdx":65},{"icon":{"paths":["M365.714 877.714c0 40-33.143 73.143-73.143 73.143s-73.143-33.143-73.143-73.143 33.143-73.143 73.143-73.143 73.143 33.143 73.143 73.143zM877.714 877.714c0 40-33.143 73.143-73.143 73.143s-73.143-33.143-73.143-73.143 33.143-73.143 73.143-73.143 73.143 33.143 73.143 73.143zM950.857 256v292.571c0 18.286-14.286 34.286-32.571 36.571l-596.571 69.714c2.857 13.143 7.429 26.286 7.429 40 0 13.143-8 25.143-13.714 36.571h525.714c20 0 36.571 16.571 36.571 36.571s-16.571 36.571-36.571 36.571h-585.143c-20 0-36.571-16.571-36.571-36.571 0-17.714 25.714-60.571 34.857-78.286l-101.143-470.286h-116.571c-20 0-36.571-16.571-36.571-36.571s16.571-36.571 36.571-36.571h146.286c38.286 0 39.429 45.714 45.143 73.143h686.286c20 0 36.571 16.571 36.571 36.571z"],"width":950.8571428571428,"attrs":[],"isMulticolor":false,"isMulticolor2":false,"tags":["shopping-cart"],"defaultCode":61562,"grid":14},"attrs":[],"properties":{"name":"shopping-cart","id":116,"order":5,"prevSize":28,"code":61562},"setIdx":0,"setId":2,"iconIdx":116},{"icon":{"paths":["M1005.714 73.143c50.286 0 91.429 41.143 91.429 91.429v694.857c0 50.286-41.143 91.429-91.429 91.429h-914.286c-50.286 0-91.429-41.143-91.429-91.429v-694.857c0-50.286 41.143-91.429 91.429-91.429h914.286zM91.429 146.286c-9.714 0-18.286 8.571-18.286 18.286v128h950.857v-128c0-9.714-8.571-18.286-18.286-18.286h-914.286zM1005.714 877.714c9.714 0 18.286-8.571 18.286-18.286v-347.429h-950.857v347.429c0 9.714 8.571 18.286 18.286 18.286h914.286zM146.286 804.571v-73.143h146.286v73.143h-146.286zM365.714 804.571v-73.143h219.429v73.143h-219.429z"],"width":1097.142857142857,"attrs":[],"isMulticolor":false,"isMulticolor2":false,"tags":["credit-card"],"defaultCode":61597,"grid":14},"attrs":[],"properties":{"name":"credit-card","id":149,"order":4,"prevSize":28,"code":61597},"setIdx":0,"setId":2,"iconIdx":149}],"height":1024,"metadata":{"name":"icomoon"},"preferences":{"showGlyphs":true,"showQuickUse":true,"showQuickUse2":true,"showSVGs":true,"fontPref":{"prefix":"icon-","metadata":{"fontFamily":"icomoon"},"metrics":{"emSize":1024,"baseline":6.25,"whitespace":50},"embed":false},"imagePref":{"prefix":"icon-","png":true,"useClassSelector":true,"color":0,"bgColor":16777215,"classSelector":".icon"},"historySize":50,"showCodes":true,"gridSize":16}}